,Date,Value,ValueNew
0,2016-06-01,44.21,44.21
1,2016-06-02,,44.105555555555554
2,2016-06-03,,44.001111111111115
3,2016-06-04,,43.89666666666667
4,2016-06-05,,43.79222222222222
5,2016-06-06,,43.687777777777775
6,2016-06-07,,43.583333333333336
7,2016-06-08,,43.47888888888889
8,2016-06-09,,43.37444444444444
9,2016-06-10,,43.27
10,2016-06-11,,43.16555555555556
11,2016-06-12,,43.06111111111111
12,2016-06-13,,42.95666666666667
13,2016-06-14,,42.852222222222224
14,2016-06-15,,42.74777777777778
15,2016-06-16,,42.64333333333333
16,2016-06-17,,42.53888888888889
17,2016-06-18,,42.434444444444445
18,2016-06-19,,42.33
19,2016-06-20,,42.22555555555556
20,2016-06-21,,42.12111111111111
21,2016-06-22,,42.016666666666666
22,2016-06-23,,41.912222222222226
23,2016-06-24,,41.80777777777778
24,2016-06-25,,41.70333333333333
25,2016-06-26,,41.59888888888889
26,2016-06-27,,41.49444444444445
27,2016-06-28,41.39,41.39
28,2016-06-29,,42.435
29,2016-06-30,43.48,43.48
30,2016-07-01,,42.817142857142855
31,2016-07-02,,42.15428571428571
32,2016-07-03,,41.49142857142857
33,2016-07-04,,40.82857142857143
34,2016-07-05,,40.16571428571429
35,2016-07-06,,39.50285714285714
36,2016-07-07,,38.84
37,2016-07-08,,38.177142857142854
38,2016-07-09,,37.51428571428571
39,2016-07-10,,36.85142857142857
40,2016-07-11,,36.18857142857143
41,2016-07-12,,35.52571428571429
42,2016-07-13,,34.862857142857145
43,2016-07-14,34.2,34.2
44,2016-07-15,,37.86
45,2016-07-16,41.52,41.52
46,2016-07-17,,41.716
47,2016-07-18,,41.912000000000006
48,2016-07-19,,42.108000000000004
49,2016-07-20,,42.304
50,2016-07-21,,42.5
51,2016-07-22,,42.696000000000005
52,2016-07-23,,42.892
53,2016-07-24,,43.088
54,2016-07-25,,43.284
55,2016-07-26,,43.480000000000004
56,2016-07-27,,43.676
57,2016-07-28,,43.872
58,2016-07-29,,44.068
59,2016-07-30,,44.264
60,2016-07-31,44.46,44.46
61,2016-08-01,39.81,39.81
62,2016-08-02,42.82,42.82
63,2016-08-03,,43.27285714285714
64,2016-08-04,,43.72571428571429
65,2016-08-05,,44.17857142857143
66,2016-08-06,,44.63142857142857
67,2016-08-07,,45.08428571428571
68,2016-08-08,,45.53714285714286
69,2016-08-09,45.99,45.99
70,2016-08-10,36.98,36.98
71,2016-08-11,,36.769999999999996
72,2016-08-12,,36.559999999999995
73,2016-08-13,,36.35
74,2016-08-14,,36.14
75,2016-08-15,,35.93
76,2016-08-16,,35.72
77,2016-08-17,,35.51
78,2016-08-18,,35.3
79,2016-08-19,,35.09
80,2016-08-20,,34.88
81,2016-08-21,34.67,34.67
82,2016-08-22,36.79,36.79
83,2016-08-23,,38.18142857142857
84,2016-08-24,,39.572857142857146
85,2016-08-25,,40.964285714285715
86,2016-08-26,,42.355714285714285
87,2016-08-27,,43.747142857142855
88,2016-08-28,,45.13857142857143
89,2016-08-29,46.53,46.53
90,2016-08-30,,45.963181818181816
91,2016-08-31,,45.39636363636364
92,2016-09-01,,44.82954545454545
93,2016-09-02,,44.262727272727275
94,2016-09-03,,43.69590909090909
95,2016-09-04,,43.12909090909091
96,2016-09-05,,42.56227272727273
97,2016-09-06,,41.99545454545455
98,2016-09-07,,41.428636363636365
99,2016-09-08,,40.86181818181818
100,2016-09-09,,40.295
101,2016-09-10,,39.728181818181824
102,2016-09-11,,39.16136363636364
103,2016-09-12,,38.594545454545454
104,2016-09-13,,38.027727272727276
105,2016-09-14,,37.46090909090909
106,2016-09-15,,36.89409090909091
107,2016-09-16,,36.32727272727273
108,2016-09-17,,35.76045454545455
109,2016-09-18,,35.193636363636365
110,2016-09-19,,34.62681818181818
111,2016-09-20,34.06,34.06
112,2016-09-21,39.24,39.24
113,2016-09-22,,39.18
114,2016-09-23,,39.120000000000005
115,2016-09-24,,39.06
116,2016-09-25,,39.0
117,2016-09-26,,38.94
118,2016-09-27,,38.88
119,2016-09-28,,38.82
120,2016-09-29,,38.76
121,2016-09-30,,38.7
122,2016-10-01,,38.64
123,2016-10-02,,38.58
124,2016-10-03,,38.519999999999996
125,2016-10-04,,38.46
126,2016-10-05,,38.4
127,2016-10-06,,38.339999999999996
128,2016-10-07,,38.279999999999994
129,2016-10-08,,38.22
130,2016-10-09,38.16,38.16
131,2016-10-10,,37.3375
132,2016-10-11,,36.515
133,2016-10-12,,35.692499999999995
134,2016-10-13,34.87,34.87
135,2016-10-14,,33.87
136,2016-10-15,,32.87
137,2016-10-16,31.87,31.87
138,2016-10-17,,33.62
139,2016-10-18,35.37,35.37
140,2016-10-19,,34.590769230769226
141,2016-10-20,,33.81153846153846
142,2016-10-21,,33.03230769230769
143,2016-10-22,,32.25307692307692
144,2016-10-23,,31.473846153846154
145,2016-10-24,,30.694615384615382
146,2016-10-25,,29.915384615384614
147,2016-10-26,,29.136153846153846
148,2016-10-27,,28.356923076923074
149,2016-10-28,,27.577692307692306
150,2016-10-29,,26.798461538461538
151,2016-10-30,,26.019230769230766
152,2016-10-31,25.24,25.24
153,2016-11-01,,25.791428571428572
154,2016-11-02,,26.34285714285714
155,2016-11-03,,26.894285714285715
156,2016-11-04,,27.445714285714285
157,2016-11-05,,27.997142857142858
158,2016-11-06,,28.548571428571428
159,2016-11-07,29.1,29.1
160,2016-11-08,,28.925714285714285
161,2016-11-09,,28.751428571428573
162,2016-11-10,,28.577142857142857
163,2016-11-11,,28.402857142857144
164,2016-11-12,,28.228571428571428
165,2016-11-13,,28.054285714285715
166,2016-11-14,27.88,27.88
167,2016-11-15,,27.84
168,2016-11-16,,27.8
169,2016-11-17,,27.76
170,2016-11-18,,27.72
171,2016-11-19,,27.68
172,2016-11-20,,27.64
173,2016-11-21,27.6,27.6
174,2016-11-22,,27.748823529411766
175,2016-11-23,,27.89764705882353
176,2016-11-24,,28.046470588235294
177,2016-11-25,,28.19529411764706
178,2016-11-26,,28.344117647058823
179,2016-11-27,,28.492941176470588
180,2016-11-28,,28.641764705882352
181,2016-11-29,,28.790588235294116
182,2016-11-30,,28.939411764705884
183,2016-12-01,,29.08823529411765
184,2016-12-02,,29.237058823529413
185,2016-12-03,,29.385882352941177
186,2016-12-04,,29.53470588235294
187,2016-12-05,,29.683529411764706
188,2016-12-06,,29.83235294117647
189,2016-12-07,,29.981176470588235
190,2016-12-08,30.13,30.13
191,2016-12-09,,28.345
192,2016-12-10,,26.56
193,2016-12-11,,24.775
194,2016-12-12,22.99,22.99
195,2016-12-13,,22.57875
196,2016-12-14,,22.167499999999997
197,2016-12-15,,21.756249999999998
198,2016-12-16,,21.345
199,2016-12-17,,20.93375
200,2016-12-18,,20.5225
201,2016-12-19,,20.11125
202,2016-12-20,19.7,19.7
203,2016-12-21,,21.285
204,2016-12-22,22.87,22.87
205,2016-12-23,,22.87464285714286
206,2016-12-24,,22.879285714285714
207,2016-12-25,,22.883928571428573
208,2016-12-26,,22.888571428571428
209,2016-12-27,,22.893214285714286
210,2016-12-28,,22.897857142857145
211,2016-12-29,,22.9025
212,2016-12-30,,22.90714285714286
213,2016-12-31,,22.911785714285713
214,2017-01-01,,22.916428571428572
215,2017-01-02,,22.92107142857143
216,2017-01-03,,22.925714285714285
217,2017-01-04,,22.930357142857144
218,2017-01-05,,22.935000000000002
219,2017-01-06,,22.939642857142857
220,2017-01-07,,22.944285714285716
221,2017-01-08,,22.94892857142857
222,2017-01-09,,22.95357142857143
223,2017-01-10,,22.958214285714288
224,2017-01-11,,22.962857142857143
225,2017-01-12,,22.9675
226,2017-01-13,,22.972142857142856
227,2017-01-14,,22.976785714285715
228,2017-01-15,,22.981428571428573
229,2017-01-16,,22.986071428571428
230,2017-01-17,,22.990714285714287
231,2017-01-18,,22.99535714285714
232,2017-01-19,23.0,23.0
233,2017-01-20,,22.333333333333332
234,2017-01-21,,21.666666666666668
235,2017-01-22,,21.0
236,2017-01-23,,20.333333333333332
237,2017-01-24,,19.666666666666668
238,2017-01-25,19.0,19.0
239,2017-01-26,,19.5
240,2017-01-27,,20.0
241,2017-01-28,,20.5
242,2017-01-29,,21.0
243,2017-01-30,,21.5
244,2017-01-31,22.0,22.0
245,2017-02-01,,23.0
246,2017-02-02,24.0,24.0
247,2017-02-03,,24.09090909090909
248,2017-02-04,,24.181818181818183
249,2017-02-05,,24.272727272727273
250,2017-02-06,,24.363636363636363
251,2017-02-07,,24.454545454545453
252,2017-02-08,,24.545454545454547
253,2017-02-09,,24.636363636363637
254,2017-02-10,,24.727272727272727
255,2017-02-11,,24.818181818181817
256,2017-02-12,,24.90909090909091
257,2017-02-13,25.0,25.0
258,2017-02-14,,24.470625
259,2017-02-15,,23.94125
260,2017-02-16,,23.411875000000002
261,2017-02-17,,22.8825
262,2017-02-18,,22.353125
263,2017-02-19,,21.82375
264,2017-02-20,,21.294375000000002
265,2017-02-21,,20.765
266,2017-02-22,,20.235625
267,2017-02-23,,19.70625
268,2017-02-24,,19.176875000000003
269,2017-02-25,,18.6475
270,2017-02-26,,18.118125
271,2017-02-27,,17.58875
272,2017-02-28,,17.059375000000003
273,2017-03-01,16.53,16.53
274,2017-03-02,20.0,20.0
275,2017-03-03,,21.142857142857142
276,2017-03-04,,22.285714285714285
277,2017-03-05,,23.428571428571427
278,2017-03-06,,24.57142857142857
279,2017-03-07,,25.714285714285715
280,2017-03-08,,26.857142857142858
281,2017-03-09,28.0,28.0
282,2017-03-10,,28.428571428571427
283,2017-03-11,,28.857142857142858
284,2017-03-12,,29.285714285714285
285,2017-03-13,,29.714285714285715
286,2017-03-14,,30.142857142857142
287,2017-03-15,,30.57142857142857
288,2017-03-16,31.0,31.0
289,2017-03-17,,30.142857142857142
290,2017-03-18,,29.285714285714285
291,2017-03-19,,28.42857142857143
292,2017-03-20,,27.571428571428573
293,2017-03-21,,26.714285714285715
294,2017-03-22,,25.857142857142858
295,2017-03-23,25.0,25.0
296,2017-03-24,,26.285714285714285
297,2017-03-25,,27.571428571428573
298,2017-03-26,,28.857142857142858
299,2017-03-27,,30.142857142857142
300,2017-03-28,,31.42857142857143
301,2017-03-29,,32.714285714285715
302,2017-03-30,34.0,34.0
303,2017-03-31,,33.0
304,2017-04-01,,32.0
305,2017-04-02,,31.0
306,2017-04-03,,30.0
307,2017-04-04,,29.0
308,2017-04-05,,28.0
309,2017-04-06,27.0,27.0
310,2017-04-07,,29.142857142857142
311,2017-04-08,,31.285714285714285
312,2017-04-09,,33.42857142857143
313,2017-04-10,,35.57142857142857
314,2017-04-11,,37.714285714285715
315,2017-04-12,,39.85714285714286
316,2017-04-13,42.0,42.0
317,2017-04-14,,41.0
318,2017-04-15,,40.0
319,2017-04-16,,39.0
320,2017-04-17,,38.0
321,2017-04-18,,37.0
322,2017-04-19,,36.0
323,2017-04-20,35.0,35.0
324,2017-04-21,,35.214285714285715
325,2017-04-22,,35.42857142857143
326,2017-04-23,,35.642857142857146
327,2017-04-24,,35.857142857142854
328,2017-04-25,,36.07142857142857
329,2017-04-26,,36.285714285714285
330,2017-04-27,,36.5
331,2017-04-28,,36.714285714285715
332,2017-04-29,,36.92857142857143
333,2017-04-30,,37.142857142857146
334,2017-05-01,,37.357142857142854
335,2017-05-02,,37.57142857142857
336,2017-05-03,,37.785714285714285
337,2017-05-04,,38.0
338,2017-05-05,,38.214285714285715
339,2017-05-06,,38.42857142857143
340,2017-05-07,,38.642857142857146
341,2017-05-08,,38.857142857142854
342,2017-05-09,,39.07142857142857
343,2017-05-10,,39.285714285714285
344,2017-05-11,,39.5
345,2017-05-12,,39.714285714285715
346,2017-05-13,,39.92857142857143
347,2017-05-14,,40.14285714285714
348,2017-05-15,,40.357142857142854
349,2017-05-16,,40.57142857142857
350,2017-05-17,,40.785714285714285
351,2017-05-18,41.0,41.0
352,2017-05-19,,41.42857142857143
353,2017-05-20,,41.857142857142854
354,2017-05-21,,42.285714285714285
355,2017-05-22,,42.714285714285715
356,2017-05-23,,43.142857142857146
357,2017-05-24,,43.57142857142857
358,2017-05-25,44.0,44.0
359,2017-05-26,,43.0
360,2017-05-27,,42.0
361,2017-05-28,,41.0
362,2017-05-29,,40.0
363,2017-05-30,,39.0
364,2017-05-31,,38.0
365,2017-06-01,37.0,37.0
366,2017-06-02,,37.142857142857146
367,2017-06-03,,37.285714285714285
368,2017-06-04,,37.42857142857143
369,2017-06-05,,37.57142857142857
370,2017-06-06,,37.714285714285715
371,2017-06-07,,37.857142857142854
372,2017-06-08,38.0,38.0
373,2017-06-09,,38.142857142857146
374,2017-06-10,,38.285714285714285
375,2017-06-11,,38.42857142857143
376,2017-06-12,,38.57142857142857
377,2017-06-13,,38.714285714285715
378,2017-06-14,,38.857142857142854
379,2017-06-15,39.0,39.0
380,2017-06-16,,39.05555555555556
381,2017-06-17,,39.111111111111114
382,2017-06-18,,39.166666666666664
383,2017-06-19,,39.22222222222222
384,2017-06-20,,39.27777777777778
385,2017-06-21,,39.333333333333336
386,2017-06-22,,39.388888888888886
387,2017-06-23,,39.44444444444444
388,2017-06-24,,39.5
389,2017-06-25,,39.55555555555556
390,2017-06-26,,39.611111111111114
391,2017-06-27,,39.666666666666664
392,2017-06-28,,39.72222222222222
393,2017-06-29,,39.77777777777778
394,2017-06-30,,39.833333333333336
395,2017-07-01,,39.888888888888886
396,2017-07-02,,39.94444444444444
397,2017-07-03,40.0,40.0
398,2017-07-04,,40.42857142857143
399,2017-07-05,,40.857142857142854
400,2017-07-06,,41.285714285714285
401,2017-07-07,,41.714285714285715
402,2017-07-08,,42.142857142857146
403,2017-07-09,,42.57142857142857
404,2017-07-10,43.0,43.0
405,2017-07-11,,43.142857142857146
406,2017-07-12,,43.285714285714285
407,2017-07-13,,43.42857142857143
408,2017-07-14,,43.57142857142857
409,2017-07-15,,43.714285714285715
410,2017-07-16,,43.857142857142854
411,2017-07-17,44.0,44.0
412,2017-07-18,,43.285714285714285
413,2017-07-19,,42.57142857142857
414,2017-07-20,,41.857142857142854
415,2017-07-21,,41.142857142857146
416,2017-07-22,,40.42857142857143
417,2017-07-23,,39.714285714285715
418,2017-07-24,39.0,39.0
419,2017-07-25,,39.42857142857143
420,2017-07-26,,39.857142857142854
421,2017-07-27,,40.285714285714285
422,2017-07-28,,40.714285714285715
423,2017-07-29,,41.142857142857146
424,2017-07-30,,41.57142857142857
425,2017-07-31,42.0,42.0
426,2017-08-01,,41.714285714285715
427,2017-08-02,,41.42857142857143
428,2017-08-03,,41.142857142857146
429,2017-08-04,,40.857142857142854
430,2017-08-05,,40.57142857142857
431,2017-08-06,,40.285714285714285
432,2017-08-07,40.0,40.0
433,2017-08-08,,40.142857142857146
434,2017-08-09,,40.285714285714285
435,2017-08-10,,40.42857142857143
436,2017-08-11,,40.57142857142857
437,2017-08-12,,40.714285714285715
438,2017-08-13,,40.857142857142854
439,2017-08-14,41.0,41.0
440,2017-08-15,,40.42857142857143
441,2017-08-16,,39.857142857142854
442,2017-08-17,,39.285714285714285
443,2017-08-18,,38.714285714285715
444,2017-08-19,,38.142857142857146
445,2017-08-20,,37.57142857142857
446,2017-08-21,37.0,37.0
447,2017-08-22,,36.857142857142854
448,2017-08-23,,36.714285714285715
449,2017-08-24,,36.57142857142857
450,2017-08-25,,36.42857142857143
451,2017-08-26,,36.285714285714285
452,2017-08-27,,36.142857142857146
453,2017-08-28,36.0,36.0
454,2017-08-29,,35.285714285714285
455,2017-08-30,,34.57142857142857
456,2017-08-31,,33.857142857142854
457,2017-09-01,,33.142857142857146
458,2017-09-02,,32.42857142857143
459,2017-09-03,,31.714285714285715
460,2017-09-04,31.0,31.0
461,2017-09-05,,31.428571428571427
462,2017-09-06,,31.857142857142858
463,2017-09-07,,32.285714285714285
464,2017-09-08,,32.714285714285715
465,2017-09-09,,33.142857142857146
466,2017-09-10,,33.57142857142857
467,2017-09-11,34.0,34.0
468,2017-09-12,,33.857142857142854
469,2017-09-13,,33.714285714285715
470,2017-09-14,,33.57142857142857
471,2017-09-15,,33.42857142857143
472,2017-09-16,,33.285714285714285
473,2017-09-17,,33.142857142857146
474,2017-09-18,33.0,33.0
475,2017-09-19,,33.57142857142857
476,2017-09-20,,34.142857142857146
477,2017-09-21,,34.714285714285715
478,2017-09-22,,35.285714285714285
479,2017-09-23,,35.857142857142854
480,2017-09-24,,36.42857142857143
481,2017-09-25,37.0,37.0
482,2017-09-26,,36.857142857142854
483,2017-09-27,,36.714285714285715
484,2017-09-28,,36.57142857142857
485,2017-09-29,,36.42857142857143
486,2017-09-30,,36.285714285714285
487,2017-10-01,,36.142857142857146
488,2017-10-02,36.0,36.0
489,2017-10-03,,35.285714285714285
490,2017-10-04,,34.57142857142857
491,2017-10-05,,33.857142857142854
492,2017-10-06,,33.142857142857146
493,2017-10-07,,32.42857142857143
494,2017-10-08,,31.714285714285715
495,2017-10-09,31.0,31.0
496,2017-10-10,36.0,36.0
497,2017-10-11,,35.46153846153846
498,2017-10-12,,34.92307692307692
499,2017-10-13,,34.38461538461539
500,2017-10-14,,33.84615384615385
501,2017-10-15,,33.30769230769231
502,2017-10-16,,32.76923076923077
503,2017-10-17,,32.23076923076923
504,2017-10-18,,31.692307692307693
505,2017-10-19,,31.153846153846153
506,2017-10-20,,30.615384615384617
507,2017-10-21,,30.076923076923077
508,2017-10-22,,29.53846153846154
509,2017-10-23,29.0,29.0
510,2017-10-24,,29.142857142857142
511,2017-10-25,,29.285714285714285
512,2017-10-26,,29.428571428571427
513,2017-10-27,,29.571428571428573
514,2017-10-28,,29.714285714285715
515,2017-10-29,,29.857142857142858
516,2017-10-30,30.0,30.0
517,2017-10-31,,29.7
518,2017-11-01,,29.4
519,2017-11-02,,29.1
520,2017-11-03,,28.8
521,2017-11-04,,28.5
522,2017-11-05,,28.2
523,2017-11-06,,27.9
524,2017-11-07,,27.6
525,2017-11-08,,27.3
526,2017-11-09,27.0,27.0
527,2017-11-10,,26.714285714285715
528,2017-11-11,,26.428571428571427
529,2017-11-12,,26.142857142857142
530,2017-11-13,,25.857142857142858
531,2017-11-14,,25.571428571428573
532,2017-11-15,,25.285714285714285
533,2017-11-16,25.0,25.0
534,2017-11-17,,25.857142857142858
535,2017-11-18,,26.714285714285715
536,2017-11-19,,27.57142857142857
537,2017-11-20,,28.428571428571427
538,2017-11-21,,29.285714285714285
539,2017-11-22,,30.142857142857142
540,2017-11-23,31.0,31.0
541,2017-11-24,,30.09090909090909
542,2017-11-25,,29.181818181818183
543,2017-11-26,,28.272727272727273
544,2017-11-27,,27.363636363636363
545,2017-11-28,,26.454545454545453
546,2017-11-29,,25.545454545454547
547,2017-11-30,,24.636363636363637
548,2017-12-01,,23.727272727272727
549,2017-12-02,,22.81818181818182
550,2017-12-03,,21.90909090909091
551,2017-12-04,21.0,21.0
552,2017-12-05,,21.3
553,2017-12-06,,21.6
554,2017-12-07,,21.9
555,2017-12-08,,22.2
556,2017-12-09,,22.5
557,2017-12-10,,22.8
558,2017-12-11,,23.1
559,2017-12-12,,23.4
560,2017-12-13,,23.7
561,2017-12-14,24.0,24.0
562,2017-12-15,,23.714285714285715
563,2017-12-16,,23.428571428571427
564,2017-12-17,,23.142857142857142
565,2017-12-18,,22.857142857142858
566,2017-12-19,,22.571428571428573
567,2017-12-20,,22.285714285714285
568,2017-12-21,22.0,22.0
569,2017-12-22,,22.071428571428573
570,2017-12-23,,22.142857142857142
571,2017-12-24,,22.214285714285715
572,2017-12-25,,22.285714285714285
573,2017-12-26,,22.357142857142858
574,2017-12-27,,22.428571428571427
575,2017-12-28,,22.5
576,2017-12-29,,22.571428571428573
577,2017-12-30,,22.642857142857142
578,2017-12-31,,22.714285714285715
579,2018-01-01,,22.785714285714285
580,2018-01-02,,22.857142857142858
581,2018-01-03,,22.928571428571427
582,2018-01-04,23.0,23.0
583,2018-01-05,,23.142857142857142
584,2018-01-06,,23.285714285714285
585,2018-01-07,,23.428571428571427
586,2018-01-08,,23.571428571428573
587,2018-01-09,,23.714285714285715
588,2018-01-10,,23.857142857142858
589,2018-01-11,24.0,24.0
590,2018-01-12,,23.142857142857142
591,2018-01-13,,22.285714285714285
592,2018-01-14,,21.42857142857143
593,2018-01-15,,20.571428571428573
594,2018-01-16,,19.714285714285715
595,2018-01-17,,18.857142857142858
596,2018-01-18,18.0,18.0
597,2018-01-19,,17.714285714285715
598,2018-01-20,,17.428571428571427
599,2018-01-21,,17.142857142857142
600,2018-01-22,,16.857142857142858
601,2018-01-23,,16.571428571428573
602,2018-01-24,,16.285714285714285
603,2018-01-25,16.0,16.0
604,2018-01-26,,16.363636363636363
605,2018-01-27,,16.727272727272727
606,2018-01-28,,17.09090909090909
607,2018-01-29,,17.454545454545453
608,2018-01-30,,17.81818181818182
609,2018-01-31,,18.18181818181818
610,2018-02-01,,18.545454545454547
611,2018-02-02,,18.90909090909091
612,2018-02-03,,19.272727272727273
613,2018-02-04,,19.636363636363637
614,2018-02-05,20.0,20.0
615,2018-02-06,,19.428571428571427
616,2018-02-07,,18.857142857142858
617,2018-02-08,,18.285714285714285
618,2018-02-09,,17.714285714285715
619,2018-02-10,,17.142857142857142
620,2018-02-11,,16.571428571428573
621,2018-02-12,16.0,16.0
622,2018-02-13,,17.857142857142858
623,2018-02-14,,19.714285714285715
624,2018-02-15,,21.57142857142857
625,2018-02-16,,23.42857142857143
626,2018-02-17,,25.285714285714285
627,2018-02-18,,27.142857142857142
628,2018-02-19,29.0,29.0
629,2018-02-20,,27.857142857142858
630,2018-02-21,,26.714285714285715
631,2018-02-22,,25.571428571428573
632,2018-02-23,,24.42857142857143
633,2018-02-24,,23.285714285714285
634,2018-02-25,,22.142857142857142
635,2018-02-26,21.0,21.0
636,2018-02-27,,21.571428571428573
637,2018-02-28,,22.142857142857142
638,2018-03-01,,22.714285714285715
639,2018-03-02,,23.285714285714285
640,2018-03-03,,23.857142857142858
641,2018-03-04,,24.428571428571427
642,2018-03-05,25.0,25.0
643,2018-03-06,,25.571428571428573
644,2018-03-07,,26.142857142857142
645,2018-03-08,,26.714285714285715
646,2018-03-09,,27.285714285714285
647,2018-03-10,,27.857142857142858
648,2018-03-11,,28.428571428571427
649,2018-03-12,29.0,29.0
650,2018-03-13,,28.857142857142858
651,2018-03-14,,28.714285714285715
652,2018-03-15,,28.571428571428573
653,2018-03-16,,28.428571428571427
654,2018-03-17,,28.285714285714285
655,2018-03-18,,28.142857142857142
656,2018-03-19,28.0,28.0
657,2018-03-20,,28.142857142857142
658,2018-03-21,,28.285714285714285
659,2018-03-22,,28.428571428571427
660,2018-03-23,,28.571428571428573
661,2018-03-24,,28.714285714285715
662,2018-03-25,,28.857142857142858
663,2018-03-26,29.0,29.0
664,2018-03-27,,29.7
665,2018-03-28,,30.4
666,2018-03-29,,31.1
667,2018-03-30,,31.8
668,2018-03-31,,32.5
669,2018-04-01,,33.2
670,2018-04-02,,33.9
671,2018-04-03,,34.6
672,2018-04-04,,35.3
673,2018-04-05,36.0,36.0
674,2018-04-06,,36.42857142857143
675,2018-04-07,,36.857142857142854
676,2018-04-08,,37.285714285714285
677,2018-04-09,,37.714285714285715
678,2018-04-10,,38.142857142857146
679,2018-04-11,,38.57142857142857
680,2018-04-12,39.0,39.0
681,2018-04-13,,39.0
682,2018-04-14,,39.0
683,2018-04-15,,39.0
684,2018-04-16,,39.0
685,2018-04-17,,39.0
686,2018-04-18,,39.0
687,2018-04-19,,39.0
688,2018-04-20,,39.0
689,2018-04-21,,39.0
690,2018-04-22,,39.0
691,2018-04-23,,39.0
692,2018-04-24,,39.0
693,2018-04-25,,39.0
694,2018-04-26,,39.0
695,2018-04-27,,39.0
696,2018-04-28,,39.0
697,2018-04-29,,39.0
698,2018-04-30,,39.0
699,2018-05-01,,39.0
700,2018-05-02,,39.0
701,2018-05-03,,39.0
702,2018-05-04,,39.0
703,2018-05-05,,39.0
704,2018-05-06,,39.0
705,2018-05-07,,39.0
706,2018-05-08,,39.0
707,2018-05-09,,39.0
708,2018-05-10,,39.0
709,2018-05-11,,39.0
710,2018-05-12,,39.0
711,2018-05-13,,39.0
712,2018-05-14,,39.0
713,2018-05-15,,39.0
714,2018-05-16,,39.0
715,2018-05-17,,39.0
716,2018-05-18,,39.0
717,2018-05-19,,39.0
718,2018-05-20,,39.0
719,2018-05-21,,39.0
720,2018-05-22,,39.0
721,2018-05-23,,39.0
722,2018-05-24,,39.0
723,2018-05-25,,39.0
724,2018-05-26,,39.0
725,2018-05-27,,39.0
726,2018-05-28,,39.0
727,2018-05-29,,39.0
728,2018-05-30,,39.0
729,2018-05-31,,39.0
730,2018-06-01,,39.0
731,2018-06-02,,39.0
732,2018-06-03,,39.0
733,2018-06-04,,39.0
734,2018-06-05,,39.0
735,2018-06-06,,39.0
736,2018-06-07,,39.0
737,2018-06-08,,39.0
738,2018-06-09,,39.0
739,2018-06-10,,39.0
740,2018-06-11,,39.0
741,2018-06-12,,39.0
742,2018-06-13,,39.0
743,2018-06-14,,39.0
744,2018-06-15,,39.0
745,2018-06-16,,39.0
746,2018-06-17,,39.0
747,2018-06-18,,39.0
748,2018-06-19,,39.0
749,2018-06-20,,39.0
750,2018-06-21,,39.0
751,2018-06-22,,39.0
752,2018-06-23,,39.0
753,2018-06-24,,39.0
754,2018-06-25,,39.0
755,2018-06-26,,39.0
756,2018-06-27,,39.0
757,2018-06-28,,39.0
758,2018-06-29,,39.0
759,2018-06-30,,39.0
760,2018-07-01,,39.0
761,2018-07-02,,39.0
762,2018-07-03,,39.0
763,2018-07-04,,39.0
764,2018-07-05,,39.0
765,2018-07-06,,39.0
766,2018-07-07,,39.0
767,2018-07-08,,39.0
768,2018-07-09,,39.0
769,2018-07-10,,39.0
770,2018-07-11,,39.0
771,2018-07-12,,39.0
772,2018-07-13,,39.0
773,2018-07-14,,39.0
774,2018-07-15,,39.0
775,2018-07-16,,39.0
776,2018-07-17,,39.0
777,2018-07-18,,39.0
778,2018-07-19,39.0,39.0
779,2018-07-20,,39.07142857142857
780,2018-07-21,,39.142857142857146
781,2018-07-22,,39.214285714285715
782,2018-07-23,,39.285714285714285
783,2018-07-24,,39.357142857142854
784,2018-07-25,,39.42857142857143
785,2018-07-26,,39.5
786,2018-07-27,,39.57142857142857
787,2018-07-28,,39.642857142857146
788,2018-07-29,,39.714285714285715
789,2018-07-30,,39.785714285714285
790,2018-07-31,,39.857142857142854
791,2018-08-01,,39.92857142857143
792,2018-08-02,40.0,40.0
793,2018-08-03,,39.87179487179487
794,2018-08-04,,39.743589743589745
795,2018-08-05,,39.61538461538461
796,2018-08-06,,39.48717948717949
797,2018-08-07,,39.35897435897436
798,2018-08-08,,39.23076923076923
799,2018-08-09,,39.1025641025641
800,2018-08-10,,38.97435897435898
801,2018-08-11,,38.84615384615385
802,2018-08-12,,38.717948717948715
803,2018-08-13,,38.58974358974359
804,2018-08-14,,38.46153846153846
805,2018-08-15,,38.333333333333336
806,2018-08-16,,38.205128205128204
807,2018-08-17,,38.07692307692308
808,2018-08-18,,37.94871794871795
809,2018-08-19,,37.82051282051282
810,2018-08-20,,37.69230769230769
811,2018-08-21,,37.56410256410256
812,2018-08-22,,37.43589743589744
813,2018-08-23,,37.30769230769231
814,2018-08-24,,37.17948717948718
815,2018-08-25,,37.05128205128205
816,2018-08-26,,36.92307692307692
817,2018-08-27,,36.794871794871796
818,2018-08-28,,36.666666666666664
819,2018-08-29,,36.53846153846154
820,2018-08-30,,36.41025641025641
821,2018-08-31,,36.282051282051285
822,2018-09-01,,36.15384615384615
823,2018-09-02,,36.02564102564103
824,2018-09-03,,35.8974358974359
825,2018-09-04,,35.769230769230774
826,2018-09-05,,35.64102564102564
827,2018-09-06,,35.51282051282051
828,2018-09-07,,35.38461538461539
829,2018-09-08,,35.256410256410255
830,2018-09-09,,35.12820512820513
831,2018-09-10,35.0,35.0
832,2018-09-11,,34.833333333333336
833,2018-09-12,,34.666666666666664
834,2018-09-13,,34.5
835,2018-09-14,,34.333333333333336
836,2018-09-15,,34.166666666666664
837,2018-09-16,,34.0
838,2018-09-17,,33.833333333333336
839,2018-09-18,,33.666666666666664
840,2018-09-19,,33.5
841,2018-09-20,,33.333333333333336
842,2018-09-21,,33.166666666666664
843,2018-09-22,,33.0
844,2018-09-23,,32.833333333333336
845,2018-09-24,,32.666666666666664
846,2018-09-25,,32.5
847,2018-09-26,,32.333333333333336
848,2018-09-27,,32.166666666666664
849,2018-09-28,,32.0
850,2018-09-29,,31.833333333333332
851,2018-09-30,,31.666666666666668
852,2018-10-01,,31.5
853,2018-10-02,,31.333333333333332
854,2018-10-03,,31.166666666666668
855,2018-10-04,31.0,31.0
856,2018-10-05,,30.857142857142858
857,2018-10-06,,30.714285714285715
858,2018-10-07,,30.571428571428573
859,2018-10-08,,30.428571428571427
860,2018-10-09,,30.285714285714285
861,2018-10-10,,30.142857142857142
862,2018-10-11,,30.0
863,2018-10-12,,29.857142857142858
864,2018-10-13,,29.714285714285715
865,2018-10-14,,29.571428571428573
866,2018-10-15,,29.428571428571427
867,2018-10-16,,29.285714285714285
868,2018-10-17,,29.142857142857142
869,2018-10-18,,29.0
870,2018-10-19,,28.857142857142858
871,2018-10-20,,28.714285714285715
872,2018-10-21,,28.571428571428573
873,2018-10-22,,28.42857142857143
874,2018-10-23,,28.285714285714285
875,2018-10-24,,28.142857142857142
876,2018-10-25,,28.0
877,2018-10-26,,27.857142857142858
878,2018-10-27,,27.714285714285715
879,2018-10-28,,27.571428571428573
880,2018-10-29,,27.42857142857143
881,2018-10-30,,27.285714285714285
882,2018-10-31,,27.142857142857142
883,2018-11-01,27.0,27.0
884,2018-11-02,,27.102564102564102
885,2018-11-03,,27.205128205128204
886,2018-11-04,,27.307692307692307
887,2018-11-05,,27.41025641025641
888,2018-11-06,,27.51282051282051
889,2018-11-07,,27.615384615384617
890,2018-11-08,,27.71794871794872
891,2018-11-09,,27.82051282051282
892,2018-11-10,,27.923076923076923
893,2018-11-11,,28.025641025641026
894,2018-11-12,,28.128205128205128
895,2018-11-13,,28.23076923076923
896,2018-11-14,,28.333333333333332
897,2018-11-15,,28.435897435897434
898,2018-11-16,,28.53846153846154
899,2018-11-17,,28.641025641025642
900,2018-11-18,,28.743589743589745
901,2018-11-19,,28.846153846153847
902,2018-11-20,,28.94871794871795
903,2018-11-21,,29.05128205128205
904,2018-11-22,,29.153846153846153
905,2018-11-23,,29.256410256410255
906,2018-11-24,,29.358974358974358
907,2018-11-25,,29.46153846153846
908,2018-11-26,,29.564102564102562
909,2018-11-27,,29.666666666666668
910,2018-11-28,,29.76923076923077
911,2018-11-29,,29.871794871794872
912,2018-11-30,,29.974358974358974
913,2018-12-01,,30.076923076923077
914,2018-12-02,,30.17948717948718
915,2018-12-03,,30.28205128205128
916,2018-12-04,,30.384615384615383
917,2018-12-05,,30.48717948717949
918,2018-12-06,,30.58974358974359
919,2018-12-07,,30.692307692307693
920,2018-12-08,,30.794871794871796
921,2018-12-09,,30.897435897435898
922,2018-12-10,31.0,31.0
923,2018-12-11,,30.5
924,2018-12-12,,30.0
925,2018-12-13,,29.5
926,2018-12-14,,29.0
927,2018-12-15,,28.5
928,2018-12-16,,28.0
929,2018-12-17,,27.5
930,2018-12-18,,27.0
931,2018-12-19,,26.5
932,2018-12-20,,26.0
933,2018-12-21,,25.5
934,2018-12-22,,25.0
935,2018-12-23,,24.5
936,2018-12-24,,24.0
937,2018-12-25,,23.5
938,2018-12-26,,23.0
939,2018-12-27,,22.5
940,2018-12-28,,22.0
941,2018-12-29,,21.5
942,2018-12-30,,21.0
943,2018-12-31,,20.5
944,2019-01-01,,20.0
945,2019-01-02,,19.5
946,2019-01-03,19.0,19.0
947,2019-01-04,,19.08695652173913
948,2019-01-05,,19.17391304347826
949,2019-01-06,,19.26086956521739
950,2019-01-07,,19.347826086956523
951,2019-01-08,,19.434782608695652
952,2019-01-09,,19.52173913043478
953,2019-01-10,,19.608695652173914
954,2019-01-11,,19.695652173913043
955,2019-01-12,,19.782608695652172
956,2019-01-13,,19.869565217391305
957,2019-01-14,,19.956521739130434
958,2019-01-15,,20.043478260869566
959,2019-01-16,,20.130434782608695
960,2019-01-17,,20.217391304347828
961,2019-01-18,,20.304347826086957
962,2019-01-19,,20.391304347826086
963,2019-01-20,,20.47826086956522
964,2019-01-21,,20.565217391304348
965,2019-01-22,,20.652173913043477
966,2019-01-23,,20.73913043478261
967,2019-01-24,,20.82608695652174
968,2019-01-25,,20.91304347826087
969,2019-01-26,,21.0
970,2019-01-27,,21.08695652173913
971,2019-01-28,,21.17391304347826
972,2019-01-29,,21.26086956521739
973,2019-01-30,,21.347826086956523
974,2019-01-31,,21.434782608695652
975,2019-02-01,,21.52173913043478
976,2019-02-02,,21.608695652173914
977,2019-02-03,,21.695652173913043
978,2019-02-04,,21.782608695652172
979,2019-02-05,,21.869565217391305
980,2019-02-06,,21.956521739130434
981,2019-02-07,,22.043478260869566
982,2019-02-08,,22.130434782608695
983,2019-02-09,,22.217391304347828
984,2019-02-10,,22.304347826086957
985,2019-02-11,,22.391304347826086
986,2019-02-12,,22.47826086956522
987,2019-02-13,,22.565217391304348
988,2019-02-14,,22.652173913043477
989,2019-02-15,,22.73913043478261
990,2019-02-16,,22.82608695652174
991,2019-02-17,,22.91304347826087
992,2019-02-18,23.0,23.0
993,2019-02-19,,23.0
994,2019-02-20,,23.0
995,2019-02-21,,23.0
996,2019-02-22,,23.0
997,2019-02-23,,23.0
998,2019-02-24,,23.0
999,2019-02-25,,23.0
1000,2019-02-26,,23.0
1001,2019-02-27,,23.0
1002,2019-02-28,,23.0
1003,2019-03-01,,23.0
1004,2019-03-02,,23.0
1005,2019-03-03,,23.0
1006,2019-03-04,23.0,23.0
1007,2019-03-05,,23.392857142857142
1008,2019-03-06,,23.785714285714285
1009,2019-03-07,,24.178571428571427
1010,2019-03-08,,24.571428571428573
1011,2019-03-09,,24.964285714285715
1012,2019-03-10,,25.357142857142858
1013,2019-03-11,,25.75
1014,2019-03-12,,26.142857142857142
1015,2019-03-13,,26.535714285714285
1016,2019-03-14,,26.928571428571427
1017,2019-03-15,,27.32142857142857
1018,2019-03-16,,27.714285714285715
1019,2019-03-17,,28.107142857142858
1020,2019-03-18,,28.5
1021,2019-03-19,,28.892857142857142
1022,2019-03-20,,29.285714285714285
1023,2019-03-21,,29.67857142857143
1024,2019-03-22,,30.07142857142857
1025,2019-03-23,,30.464285714285715
1026,2019-03-24,,30.857142857142858
1027,2019-03-25,,31.25
1028,2019-03-26,,31.642857142857142
1029,2019-03-27,,32.035714285714285
1030,2019-03-28,,32.42857142857143
1031,2019-03-29,,32.82142857142857
1032,2019-03-30,,33.214285714285715
1033,2019-03-31,,33.60714285714286
1034,2019-04-01,34.0,34.0
1035,2019-04-02,,34.078947368421055
1036,2019-04-03,,34.1578947368421
1037,2019-04-04,,34.23684210526316
1038,2019-04-05,,34.31578947368421
1039,2019-04-06,,34.39473684210526
1040,2019-04-07,,34.473684210526315
1041,2019-04-08,,34.55263157894737
1042,2019-04-09,,34.63157894736842
1043,2019-04-10,,34.71052631578947
1044,2019-04-11,,34.78947368421053
1045,2019-04-12,,34.86842105263158
1046,2019-04-13,,34.94736842105263
1047,2019-04-14,,35.026315789473685
1048,2019-04-15,,35.10526315789474
1049,2019-04-16,,35.18421052631579
1050,2019-04-17,,35.26315789473684
1051,2019-04-18,,35.3421052631579
1052,2019-04-19,,35.421052631578945
1053,2019-04-20,,35.5
1054,2019-04-21,,35.578947368421055
1055,2019-04-22,,35.6578947368421
1056,2019-04-23,,35.73684210526316
1057,2019-04-24,,35.81578947368421
1058,2019-04-25,,35.89473684210526
1059,2019-04-26,,35.973684210526315
1060,2019-04-27,,36.05263157894737
1061,2019-04-28,,36.13157894736842
1062,2019-04-29,,36.21052631578947
1063,2019-04-30,,36.28947368421053
1064,2019-05-01,,36.368421052631575
1065,2019-05-02,,36.44736842105263
1066,2019-05-03,,36.526315789473685
1067,2019-05-04,,36.60526315789474
1068,2019-05-05,,36.68421052631579
1069,2019-05-06,,36.76315789473684
1070,2019-05-07,,36.8421052631579
1071,2019-05-08,,36.921052631578945
1072,2019-05-09,37.0,37.0
1073,2019-05-10,,36.9375
1074,2019-05-11,,36.875
1075,2019-05-12,,36.8125
1076,2019-05-13,,36.75
1077,2019-05-14,,36.6875
1078,2019-05-15,,36.625
1079,2019-05-16,,36.5625
1080,2019-05-17,,36.5
1081,2019-05-18,,36.4375
1082,2019-05-19,,36.375
1083,2019-05-20,,36.3125
1084,2019-05-21,,36.25
1085,2019-05-22,,36.1875
1086,2019-05-23,,36.125
1087,2019-05-24,,36.0625
1088,2019-05-25,,36.0
1089,2019-05-26,,35.9375
1090,2019-05-27,,35.875
1091,2019-05-28,,35.8125
1092,2019-05-29,,35.75
1093,2019-05-30,,35.6875
1094,2019-05-31,,35.625
1095,2019-06-01,,35.5625
1096,2019-06-02,,35.5
1097,2019-06-03,,35.4375
1098,2019-06-04,,35.375
1099,2019-06-05,,35.3125
1100,2019-06-06,,35.25
1101,2019-06-07,,35.1875
1102,2019-06-08,,35.125
1103,2019-06-09,,35.0625
1104,2019-06-10,35.0,35.0
